Incident_ID,City,Crime_Type,Weapon,Victim_Gender,Suspect_Gender,Arrest_Made,Date,Time
1,Chennai,Assault,None,Male,Unknown,No,09-01-2018,7.00 PM
2,Bengaluru,Theft,Gun,Female,Male,Yes,09-01-2018,8.00 PM
3,Delhi,Robbery,Knife,Male,Male,No,09-01-2018,9.00 PM
4,Bengaluru,Fraud,Other,Female,Male,No,09-01-2018,10.00 PM
5,Bengaluru,Theft,None,Male,Female,Yes,09-01-2018,11.00 PM
6,Chennai,Assault,Knife,Female,Unknown,No,10-01-2018,12.00 AM
7,Chennai,Murder,Other,Female,Unknown,No,10-01-2018,1.00 AM
8,Mumbai,Murder,Other,Male,Unknown,Yes,10-01-2018,2.00 AM
9,Mumbai,Fraud,Gun,Male,Male,No,10-01-2018,3.00 AM
10,Delhi,Theft,Other,Male,Female,No,10-01-2018,4.00 AM
11,Mumbai,Robbery,Other,Male,Male,No,10-01-2018,5.00 AM
12,Bengaluru,Theft,Gun,Male,Unknown,Yes,10-01-2018,6.00 AM
13,Chennai,Murder,Knife,Male,Male,No,10-01-2018,7.00 AM
14,Mumbai,Fraud,Knife,Male,Female,Yes,10-01-2018,8.00 AM
15,Mumbai,Assault,Gun,Male,Unknown,Yes,10-01-2018,9.00 AM
16,Delhi,Theft,None,Male,Male,Yes,10-01-2018,10.00 AM
17,Delhi,Murder,Gun,Female,Female,Yes,10-01-2018,11.00 AM
18,Bengaluru,Robbery,Knife,Female,Male,Yes,10-01-2018,12.00 PM
19,Chennai,Fraud,None,Female,Male,Yes,10-01-2018,1.00 PM
20,Delhi,Assault,Gun,Female,Unknown,Yes,10-01-2018,2.00 PM
21,Mumbai,Theft,Knife,Male,Female,No,10-01-2018,3.00 PM
22,Chennai,Robbery,Knife,Female,Male,No,10-01-2018,4.00 PM
23,Chennai,Assault,Knife,Female,Female,Yes,10-01-2018,5.00 PM
24,Mumbai,Murder,Other,Female,Unknown,No,10-01-2018,6.00 PM
25,Delhi,Murder,Other,Male,Unknown,No,10-01-2018,7.00 PM
26,Mumbai,Robbery,None,Male,Unknown,No,10-01-2018,8.00 PM
27,Chennai,Murder,None,Female,Female,Yes,10-01-2018,9.00 PM
28,Kolkata,Fraud,None,Female,Female,No,10-01-2018,10.00 PM
29,Kolkata,Robbery,Other,Female,Male,Yes,10-01-2018,11.00 PM
30,Bengaluru,Murder,None,Male,Female,Yes,11-01-2018,12.00 AM
31,Mumbai,Theft,Knife,Female,Unknown,No,11-01-2018,1.00 AM
32,Mumbai,Murder,Knife,Female,Male,Yes,11-01-2018,2.00 AM
33,Bengaluru,Fraud,None,Male,Female,Yes,11-01-2018,3.00 AM
34,Bengaluru,Assault,None,Female,Unknown,Yes,11-01-2018,4.00 AM
35,Kolkata,Assault,Gun,Female,Male,Yes,07-04-2018,5.00 PM
36,Kolkata,Murder,Gun,Male,Unknown,No,07-04-2018,6.00 PM
37,Chennai,Robbery,Gun,Male,Male,No,07-04-2018,7.00 PM
38,Delhi,Assault,Gun,Female,Male,Yes,07-04-2018,8.00 PM
39,Bengaluru,Fraud,Gun,Female,Female,Yes,07-04-2018,9.00 PM
40,Delhi,Theft,Gun,Male,Female,Yes,07-04-2018,10.00 PM
41,Mumbai,Robbery,Knife,Male,Male,No,07-04-2018,11.00 PM
42,Delhi,Assault,Knife,Male,Female,Yes,08-04-2018,12.00 AM
43,Mumbai,Fraud,Gun,Male,Male,Yes,08-04-2018,1.00 AM
44,Mumbai,Assault,Other,Female,Male,Yes,08-04-2018,2.00 AM
45,Bengaluru,Murder,Knife,Male,Unknown,Yes,08-04-2018,3.00 AM
46,Chennai,Robbery,Knife,Female,Male,No,08-04-2018,4.00 AM
47,Delhi,Theft,Gun,Male,Female,Yes,08-04-2018,5.00 AM
48,Mumbai,Fraud,Other,Female,Female,Yes,08-04-2018,6.00 AM
49,Delhi,Assault,Gun,Male,Female,No,08-04-2018,7.00 AM
50,Chennai,Robbery,Other,Male,Female,Yes,08-04-2018,8.00 AM
51,Chennai,Assault,Other,Female,Male,No,08-04-2018,9.00 AM
52,Kolkata,Robbery,None,Male,Unknown,Yes,08-04-2018,10.00 AM
53,Chennai,Murder,Knife,Female,Unknown,No,08-04-2018,11.00 AM
54,Bengaluru,Assault,Gun,Female,Male,Yes,08-04-2018,12.00 PM
55,Mumbai,Murder,Knife,Female,Female,No,08-04-2018,1.00 PM
56,Kolkata,Fraud,Knife,Male,Unknown,No,08-04-2018,2.00 PM
57,Bengaluru,Murder,Other,Male,Unknown,No,08-04-2018,3.00 PM
58,Delhi,Robbery,Knife,Male,Male,No,08-04-2018,4.00 PM
59,Mumbai,Fraud,None,Female,Female,No,08-04-2018,5.00 PM
60,Chennai,Assault,Gun,Male,Unknown,No,08-04-2018,6.00 PM
61,Mumbai,Assault,Knife,Male,Male,Yes,08-04-2018,7.00 PM
62,Delhi,Robbery,Gun,Female,Unknown,No,08-04-2018,8.00 PM
63,Kolkata,Theft,Knife,Female,Unknown,No,08-04-2018,9.00 PM
64,Kolkata,Theft,Gun,Female,Female,No,08-04-2018,10.00 PM
65,Kolkata,Assault,Gun,Female,Female,No,08-04-2018,11.00 PM
66,Chennai,Robbery,Gun,Male,Unknown,Yes,09-04-2018,12.00 AM
67,Bengaluru,Theft,Knife,Female,Female,No,09-04-2018,1.00 AM
68,Bengaluru,Murder,None,Female,Unknown,Yes,09-04-2018,2.00 AM
69,Mumbai,Assault,Gun,Male,Unknown,No,09-04-2018,3.00 AM
70,Chennai,Murder,Other,Male,Unknown,Yes,09-04-2018,4.00 AM
71,Kolkata,Robbery,Other,Female,Male,Yes,09-04-2018,5.00 AM
72,Kolkata,Murder,Other,Male,Female,Yes,09-04-2018,6.00 AM
73,Delhi,Theft,None,Male,Female,No,09-04-2018,7.00 AM
74,Delhi,Theft,Gun,Female,Unknown,Yes,09-04-2018,8.00 AM
75,Kolkata,Fraud,None,Male,Female,No,09-04-2018,9.00 AM
76,Kolkata,Assault,Gun,Female,Unknown,No,09-04-2018,10.00 AM
77,Chennai,Robbery,None,Male,Female,No,09-04-2018,11.00 AM
78,Bengaluru,Assault,Gun,Male,Female,Yes,09-04-2018,12.00 PM
79,Delhi,Murder,Other,Male,Unknown,Yes,09-04-2018,1.00 PM
80,Bengaluru,Robbery,Gun,Male,Female,No,09-04-2018,2.00 PM
81,Chennai,Robbery,None,Female,Unknown,Yes,09-04-2018,3.00 PM
82,Kolkata,Theft,Gun,Female,Male,No,09-04-2018,4.00 PM
83,Bengaluru,Murder,Knife,Male,Unknown,Yes,09-04-2018,5.00 PM
84,Kolkata,Theft,Gun,Male,Female,No,09-04-2018,6.00 PM
85,Kolkata,Theft,Other,Male,Male,No,09-04-2018,7.00 PM
86,Mumbai,Fraud,Gun,Female,Male,Yes,09-04-2018,8.00 PM
87,Bengaluru,Theft,Knife,Male,Unknown,Yes,09-04-2018,9.00 PM
88,Bengaluru,Assault,Knife,Female,Male,No,09-04-2018,10.00 PM
89,Kolkata,Robbery,Knife,Male,Unknown,Yes,09-04-2018,11.00 PM
90,Chennai,Theft,None,Female,Female,Yes,10-04-2018,12.00 AM
91,Mumbai,Assault,Knife,Female,Unknown,Yes,10-04-2018,1.00 AM
92,Kolkata,Murder,None,Male,Male,Yes,10-04-2018,2.00 AM
93,Delhi,Robbery,Knife,Female,Unknown,Yes,10-04-2018,3.00 AM
94,Delhi,Murder,None,Male,Unknown,No,10-04-2018,4.00 AM
95,Mumbai,Assault,Knife,Female,Female,Yes,10-04-2018,5.00 AM
96,Chennai,Murder,Knife,Female,Unknown,Yes,10-04-2018,6.00 AM
97,Kolkata,Murder,Gun,Male,Female,Yes,10-04-2018,7.00 AM
98,Bengaluru,Murder,Knife,Female,Male,Yes,10-04-2018,8.00 AM
99,Mumbai,Theft,Gun,Male,Male,No,10-04-2018,9.00 AM
100,Chennai,Theft,Knife,Female,Unknown,Yes,10-04-2018,10.00 AM
101,Bengaluru,Theft,Knife,Male,Unknown,No,10-04-2018,11.00 AM
102,Delhi,Robbery,Gun,Female,Male,Yes,10-04-2018,12.00 PM
103,Delhi,Assault,Gun,Female,Male,No,10-04-2018,1.00 PM
104,Bengaluru,Theft,None,Male,Male,Yes,10-04-2018,2.00 PM
105,Mumbai,Murder,Other,Female,Unknown,Yes,10-04-2018,3.00 PM
106,Delhi,Murder,Gun,Male,Male,Yes,10-04-2018,4.00 PM
107,Kolkata,Murder,None,Male,Unknown,Yes,10-04-2018,5.00 PM
108,Bengaluru,Murder,Knife,Female,Male,No,10-04-2018,6.00 PM
109,Bengaluru,Fraud,Gun,Male,Male,Yes,10-04-2018,7.00 PM
110,Delhi,Robbery,Gun,Male,Unknown,No,10-04-2018,8.00 PM
111,Mumbai,Assault,Knife,Male,Female,No,10-04-2018,9.00 PM
112,Kolkata,Assault,Knife,Male,Unknown,Yes,10-04-2018,10.00 PM
113,Mumbai,Theft,Knife,Male,Female,No,10-04-2018,11.00 PM
114,Chennai,Fraud,Knife,Male,Unknown,No,11-04-2018,12.00 AM
115,Chennai,Assault,Other,Female,Female,Yes,11-04-2018,1.00 AM
116,Delhi,Robbery,Gun,Male,Female,Yes,11-04-2018,2.00 AM
117,Delhi,Murder,Knife,Male,Female,Yes,11-04-2018,3.00 AM
118,Delhi,Theft,Knife,Female,Unknown,Yes,11-04-2018,4.00 AM
119,Chennai,Robbery,Other,Male,Unknown,Yes,11-04-2018,5.00 AM
120,Mumbai,Assault,Gun,Male,Unknown,Yes,11-04-2018,6.00 AM
121,Mumbai,Fraud,None,Male,Female,Yes,11-04-2018,7.00 AM
122,Delhi,Theft,Gun,Female,Female,No,11-04-2018,8.00 AM
123,Kolkata,Assault,None,Female,Unknown,No,11-04-2018,9.00 AM
124,Mumbai,Theft,Other,Male,Unknown,Yes,11-04-2018,10.00 AM
125,Chennai,Assault,Knife,Male,Male,No,11-04-2018,11.00 AM
126,Bengaluru,Murder,Other,Female,Male,No,11-04-2018,12.00 PM
127,Bengaluru,Fraud,Gun,Male,Male,No,11-04-2018,1.00 PM
128,Bengaluru,Murder,Knife,Female,Male,Yes,11-04-2018,2.00 PM
129,Kolkata,Assault,Gun,Male,Male,No,11-04-2018,3.00 PM
130,Delhi,Robbery,None,Male,Unknown,Yes,11-04-2018,4.00 PM
131,Chennai,Murder,Gun,Female,Female,No,11-04-2018,5.00 PM
132,Kolkata,Robbery,Other,Male,Female,Yes,11-04-2018,6.00 PM
133,Chennai,Assault,Other,Female,Unknown,No,11-04-2018,7.00 PM
134,Chennai,Fraud,Other,Female,Unknown,No,11-04-2018,8.00 PM
135,Delhi,Robbery,Knife,Male,Unknown,Yes,11-04-2018,9.00 PM
136,Bengaluru,Assault,Gun,Male,Male,No,11-04-2018,10.00 PM
137,Delhi,Robbery,Knife,Female,Male,Yes,11-04-2018,11.00 PM
138,Kolkata,Murder,Gun,Female,Male,Yes,12-04-2018,12.00 AM
139,Kolkata,Assault,None,Male,Unknown,Yes,12-04-2018,1.00 AM
140,Kolkata,Murder,Gun,Male,Unknown,No,12-04-2018,2.00 AM
141,Delhi,Theft,Gun,Male,Female,No,12-04-2018,3.00 AM
142,Chennai,Assault,Gun,Male,Unknown,Yes,12-04-2018,4.00 AM
143,Chennai,Robbery,Gun,Female,Male,Yes,12-04-2018,5.00 AM
144,Mumbai,Theft,None,Female,Female,Yes,12-04-2018,6.00 AM
145,Kolkata,Murder,Knife,Male,Unknown,No,12-04-2018,7.00 AM
146,Chennai,Murder,Other,Female,Female,No,12-04-2018,8.00 AM
147,Mumbai,Robbery,Gun,Male,Female,Yes,12-04-2018,9.00 AM
148,Chennai,Theft,Other,Female,Unknown,No,12-04-2018,10.00 AM
149,Kolkata,Fraud,Other,Female,Male,No,12-04-2018,11.00 AM
150,Bengaluru,Robbery,Other,Male,Male,Yes,12-04-2018,12.00 PM
151,Kolkata,Murder,Other,Male,Female,Yes,12-04-2018,1.00 PM
152,Delhi,Assault,Gun,Male,Unknown,No,12-04-2018,2.00 PM
153,Chennai,Theft,Other,Male,Unknown,Yes,12-04-2018,3.00 PM
154,Chennai,Fraud,Gun,Female,Male,Yes,12-04-2018,4.00 PM
155,Delhi,Assault,None,Female,Unknown,No,12-04-2018,5.00 PM
156,Delhi,Theft,Knife,Male,Unknown,Yes,12-04-2018,6.00 PM
157,Bengaluru,Robbery,Knife,Female,Female,Yes,12-04-2018,7.00 PM
158,Chennai,Robbery,Gun,Female,Unknown,No,12-04-2018,8.00 PM
159,Chennai,Theft,Gun,Male,Unknown,Yes,12-04-2018,9.00 PM
160,Bengaluru,Fraud,Knife,Male,Unknown,No,12-04-2018,10.00 PM
161,Mumbai,Theft,Other,Male,Male,Yes,12-04-2018,11.00 PM
162,Bengaluru,Assault,Gun,Female,Male,No,13-04-2018,12.00 AM
163,Kolkata,Assault,Other,Male,Female,No,13-04-2018,1.00 AM
164,Chennai,Robbery,Gun,Male,Male,Yes,13-04-2018,2.00 AM
165,Delhi,Theft,Gun,Female,Male,Yes,13-04-2018,3.00 AM
166,Kolkata,Robbery,None,Female,Male,Yes,13-04-2018,4.00 AM
167,Chennai,Fraud,None,Female,Male,No,13-04-2018,5.00 AM
168,Bengaluru,Assault,Knife,Female,Female,No,13-04-2018,6.00 AM
169,Kolkata,Murder,None,Male,Unknown,Yes,13-04-2018,7.00 AM
170,Chennai,Murder,None,Female,Unknown,Yes,13-04-2018,8.00 AM
171,Mumbai,Theft,Knife,Male,Unknown,No,13-04-2018,9.00 AM
172,Mumbai,Theft,Other,Male,Female,Yes,13-04-2018,10.00 AM
173,Delhi,Murder,None,Female,Male,No,13-04-2018,11.00 AM
174,Chennai,Theft,Other,Male,Female,Yes,13-04-2018,12.00 PM
175,Mumbai,Assault,Knife,Male,Female,Yes,13-04-2018,1.00 PM
176,Bengaluru,Fraud,Gun,Female,Female,Yes,13-04-2018,2.00 PM
177,Chennai,Fraud,Other,Female,Unknown,No,13-04-2018,3.00 PM
178,Bengaluru,Robbery,Knife,Female,Male,Yes,13-04-2018,4.00 PM
179,Bengaluru,Assault,Other,Male,Unknown,No,13-04-2018,5.00 PM
180,Mumbai,Theft,Knife,Male,Female,No,13-04-2018,6.00 PM
181,Chennai,Theft,Knife,Female,Female,Yes,13-04-2018,7.00 PM
182,Kolkata,Robbery,Gun,Female,Unknown,Yes,13-04-2018,8.00 PM
183,Mumbai,Robbery,Other,Female,Unknown,No,13-04-2018,9.00 PM
184,Mumbai,Theft,Gun,Female,Unknown,Yes,13-04-2018,10.00 PM
185,Chennai,Theft,Gun,Female,Male,Yes,13-04-2018,11.00 PM
186,Chennai,Assault,Other,Female,Male,Yes,01-01-2018,12.00 AM
187,Kolkata,Robbery,Knife,Male,Male,No,01-01-2018,1.00 AM
188,Bengaluru,Murder,None,Male,Female,No,01-01-2018,2.00 AM
189,Kolkata,Robbery,Other,Male,Male,No,01-01-2018,3.00 AM
190,Kolkata,Robbery,None,Female,Female,Yes,01-01-2018,4.00 AM
191,Delhi,Murder,None,Male,Female,No,01-01-2018,5.00 AM
192,Bengaluru,Robbery,Gun,Female,Male,Yes,01-01-2018,6.00 AM
193,Bengaluru,Murder,None,Female,Unknown,Yes,01-01-2018,7.00 AM
194,Bengaluru,Murder,None,Female,Male,Yes,01-01-2018,8.00 AM
195,Kolkata,Murder,Other,Male,Male,No,01-01-2018,9.00 AM
196,Chennai,Assault,None,Female,Male,No,01-01-2018,10.00 AM
197,Bengaluru,Fraud,Gun,Female,Unknown,No,01-01-2018,11.00 AM
198,Kolkata,Assault,Knife,Male,Unknown,No,01-01-2018,12.00 PM
199,Delhi,Murder,Knife,Male,Female,No,01-01-2018,1.00 PM
200,Chennai,Fraud,Other,Male,Unknown,No,01-01-2018,2.00 PM
201,Delhi,Fraud,Other,Female,Unknown,Yes,01-01-2018,3.00 PM
202,Chennai,Murder,None,Female,Male,No,01-01-2018,4.00 PM
203,Kolkata,Fraud,Other,Male,Female,No,01-01-2018,5.00 PM
204,Mumbai,Fraud,None,Female,Female,Yes,01-01-2018,6.00 PM
205,Chennai,Assault,Other,Male,Unknown,No,01-01-2018,7.00 PM
206,Delhi,Fraud,Knife,Male,Unknown,No,01-01-2018,8.00 PM
207,Kolkata,Murder,Knife,Female,Male,Yes,01-01-2018,9.00 PM
208,Chennai,Theft,Knife,Female,Unknown,No,01-01-2018,10.00 PM
209,Mumbai,Theft,Knife,Female,Unknown,Yes,01-01-2018,11.00 PM
210,Mumbai,Theft,None,Female,Female,Yes,02-01-2018,12.00 AM
211,Bengaluru,Murder,None,Male,Unknown,Yes,02-01-2018,1.00 AM
212,Bengaluru,Theft,None,Male,Male,No,02-01-2018,2.00 AM
213,Delhi,Assault,Knife,Female,Female,Yes,02-01-2018,3.00 AM
214,Chennai,Murder,Gun,Female,Female,No,02-01-2018,4.00 AM
215,Chennai,Murder,Knife,Female,Unknown,Yes,02-01-2018,5.00 AM
216,Bengaluru,Murder,Knife,Male,Male,No,02-01-2018,6.00 AM
217,Chennai,Fraud,Gun,Male,Female,Yes,02-01-2018,7.00 AM
218,Chennai,Fraud,Gun,Female,Male,No,02-01-2018,8.00 AM
219,Mumbai,Fraud,Other,Male,Male,No,02-01-2018,9.00 AM
220,Bengaluru,Robbery,Knife,Male,Unknown,No,02-01-2018,10.00 AM
221,Kolkata,Assault,Gun,Male,Male,No,02-01-2018,11.00 AM
222,Bengaluru,Murder,Other,Male,Female,No,02-01-2018,12.00 PM
223,Kolkata,Murder,Gun,Female,Unknown,No,02-01-2018,1.00 PM
224,Mumbai,Fraud,Gun,Female,Female,No,02-01-2018,2.00 PM
225,Delhi,Murder,Other,Female,Male,No,02-01-2018,3.00 PM
226,Chennai,Murder,Knife,Female,Male,No,02-01-2018,4.00 PM
227,Mumbai,Theft,Other,Male,Unknown,Yes,02-01-2018,5.00 PM
228,Chennai,Murder,Knife,Female,Unknown,Yes,02-01-2018,6.00 PM
229,Delhi,Robbery,Gun,Female,Female,Yes,02-01-2018,7.00 PM
230,Delhi,Fraud,Other,Female,Female,Yes,02-01-2018,8.00 PM
231,Mumbai,Assault,None,Female,Male,Yes,02-01-2018,9.00 PM
232,Delhi,Assault,Gun,Female,Unknown,No,02-01-2018,10.00 PM
233,Kolkata,Theft,Other,Male,Male,Yes,02-01-2018,11.00 PM
234,Delhi,Assault,Gun,Female,Male,Yes,03-01-2018,12.00 AM
235,Chennai,Assault,Other,Male,Female,Yes,03-01-2018,1.00 AM
236,Chennai,Fraud,Knife,Male,Female,Yes,03-01-2018,2.00 AM
237,Chennai,Fraud,None,Male,Female,No,03-01-2018,3.00 AM
238,Chennai,Robbery,Gun,Male,Unknown,No,03-01-2018,4.00 AM
239,Kolkata,Theft,None,Male,Female,Yes,03-01-2018,5.00 AM
240,Bengaluru,Assault,Knife,Male,Unknown,Yes,03-01-2018,6.00 AM
241,Mumbai,Robbery,Other,Female,Male,Yes,03-01-2018,7.00 AM
242,Chennai,Theft,None,Male,Unknown,Yes,03-01-2018,8.00 AM
243,Delhi,Assault,Other,Female,Female,No,03-01-2018,9.00 AM
244,Chennai,Assault,Knife,Male,Unknown,No,03-01-2018,10.00 AM
245,Delhi,Fraud,Gun,Male,Unknown,No,03-01-2018,11.00 AM
246,Delhi,Murder,Knife,Male,Female,Yes,03-01-2018,12.00 PM
247,Chennai,Theft,None,Female,Female,No,03-01-2018,1.00 PM
248,Kolkata,Assault,None,Male,Male,Yes,03-01-2018,2.00 PM
249,Delhi,Theft,None,Male,Unknown,No,03-01-2018,3.00 PM
250,Delhi,Robbery,Other,Female,Male,No,03-01-2018,4.00 PM
251,Chennai,Robbery,Gun,Male,Male,Yes,03-01-2018,5.00 PM
252,Delhi,Murder,None,Male,Unknown,No,03-01-2018,6.00 PM
253,Delhi,Assault,None,Male,Male,No,03-01-2018,7.00 PM
254,Chennai,Fraud,None,Female,Unknown,Yes,03-01-2018,8.00 PM
255,Chennai,Assault,Knife,Male,Male,No,03-01-2018,9.00 PM
256,Mumbai,Theft,None,Male,Male,No,03-01-2018,10.00 PM
257,Kolkata,Robbery,Knife,Female,Unknown,Yes,03-01-2018,11.00 PM
258,Kolkata,Theft,None,Female,Female,No,04-01-2018,12.00 AM
259,Delhi,Murder,Knife,Male,Unknown,Yes,04-01-2018,1.00 AM
260,Kolkata,Robbery,Other,Male,Female,Yes,04-01-2018,2.00 AM
261,Delhi,Fraud,Other,Male,Unknown,Yes,04-01-2018,3.00 AM
262,Mumbai,Robbery,Knife,Male,Unknown,Yes,04-01-2018,4.00 AM
263,Chennai,Assault,Gun,Female,Female,Yes,04-01-2018,5.00 AM
264,Chennai,Assault,Gun,Female,Female,Yes,04-01-2018,6.00 AM
265,Chennai,Robbery,Knife,Female,Unknown,Yes,04-01-2018,7.00 AM
266,Kolkata,Murder,Other,Male,Unknown,Yes,04-01-2018,8.00 AM
267,Mumbai,Assault,Knife,Female,Unknown,Yes,04-01-2018,9.00 AM
268,Kolkata,Assault,Gun,Female,Female,Yes,04-01-2018,10.00 AM
269,Kolkata,Fraud,Knife,Male,Unknown,Yes,04-01-2018,11.00 AM
270,Mumbai,Robbery,Other,Male,Female,Yes,04-01-2018,12.00 PM
271,Mumbai,Assault,Gun,Male,Male,Yes,04-01-2018,1.00 PM
272,Mumbai,Murder,Gun,Male,Female,No,04-01-2018,2.00 PM
273,Mumbai,Theft,None,Male,Male,Yes,04-01-2018,3.00 PM
274,Chennai,Robbery,None,Male,Unknown,Yes,04-01-2018,4.00 PM
275,Bengaluru,Fraud,Gun,Female,Unknown,Yes,04-01-2018,5.00 PM
276,Bengaluru,Assault,Gun,Male,Female,No,04-01-2018,6.00 PM
277,Mumbai,Murder,Knife,Male,Male,Yes,04-01-2018,7.00 PM
278,Bengaluru,Robbery,Other,Female,Unknown,No,04-01-2018,8.00 PM
279,Bengaluru,Murder,Gun,Female,Unknown,Yes,04-01-2018,9.00 PM
280,Mumbai,Murder,Other,Female,Male,No,04-01-2018,10.00 PM
281,Bengaluru,Fraud,Gun,Female,Unknown,No,04-01-2018,11.00 PM
282,Kolkata,Robbery,Other,Female,Unknown,No,05-01-2018,12.00 AM
283,Delhi,Assault,None,Male,Female,No,05-01-2018,1.00 AM
284,Delhi,Fraud,Gun,Male,Unknown,No,05-01-2018,2.00 AM
285,Mumbai,Assault,Knife,Female,Male,Yes,05-01-2018,3.00 AM
286,Chennai,Theft,Other,Female,Unknown,Yes,05-01-2018,4.00 AM
287,Mumbai,Murder,Gun,Female,Female,Yes,05-01-2018,5.00 AM
288,Chennai,Theft,None,Female,Unknown,No,05-01-2018,6.00 AM
289,Delhi,Murder,None,Male,Male,No,05-01-2018,7.00 AM
290,Mumbai,Fraud,None,Female,Unknown,No,05-01-2018,8.00 AM
291,Kolkata,Assault,None,Female,Male,No,05-01-2018,9.00 AM
292,Bengaluru,Assault,Gun,Male,Female,Yes,05-01-2018,10.00 AM
293,Chennai,Fraud,Knife,Male,Unknown,No,05-01-2018,11.00 AM
294,Bengaluru,Robbery,Other,Male,Unknown,Yes,05-01-2018,12.00 PM
295,Bengaluru,Theft,Knife,Female,Female,No,05-01-2018,1.00 PM
296,Mumbai,Theft,Other,Female,Male,No,05-01-2018,2.00 PM
297,Bengaluru,Assault,Knife,Male,Male,No,05-01-2018,3.00 PM
298,Kolkata,Assault,Gun,Female,Unknown,No,05-01-2018,4.00 PM
299,Bengaluru,Assault,Gun,Female,Male,No,05-01-2018,5.00 PM
300,Mumbai,Fraud,Other,Male,Male,Yes,05-01-2018,6.00 PM
301,Kolkata,Robbery,Gun,Male,Unknown,No,05-01-2018,7.00 PM
302,Delhi,Theft,Other,Male,Male,Yes,05-01-2018,8.00 PM
303,Bengaluru,Murder,Knife,Female,Male,Yes,05-01-2018,9.00 PM
304,Mumbai,Fraud,Gun,Male,Unknown,No,05-01-2018,10.00 PM
305,Delhi,Theft,Gun,Female,Unknown,No,05-01-2018,11.00 PM
306,Delhi,Robbery,Other,Female,Male,No,06-01-2018,12.00 AM
307,Chennai,Fraud,Other,Female,Unknown,No,06-01-2018,1.00 AM
308,Kolkata,Theft,Other,Male,Male,No,06-01-2018,2.00 AM
309,Bengaluru,Fraud,Other,Male,Male,No,06-01-2018,3.00 AM
310,Mumbai,Theft,None,Male,Male,Yes,06-01-2018,4.00 AM
311,Chennai,Theft,Other,Female,Male,Yes,06-01-2018,5.00 AM
312,Kolkata,Robbery,None,Male,Unknown,No,06-01-2018,6.00 AM
313,Chennai,Murder,Knife,Male,Unknown,No,06-01-2018,7.00 AM
314,Kolkata,Robbery,Other,Female,Female,Yes,06-01-2018,8.00 AM
315,Kolkata,Theft,None,Female,Unknown,Yes,06-01-2018,9.00 AM
316,Bengaluru,Fraud,None,Male,Female,Yes,06-01-2018,10.00 AM
317,Kolkata,Robbery,None,Male,Male,No,06-01-2018,11.00 AM
318,Chennai,Murder,Gun,Female,Unknown,Yes,06-01-2018,12.00 PM
319,Kolkata,Theft,None,Female,Male,No,06-01-2018,1.00 PM
320,Bengaluru,Robbery,Other,Female,Female,No,06-01-2018,2.00 PM
321,Bengaluru,Robbery,Other,Male,Unknown,Yes,06-01-2018,3.00 PM
322,Chennai,Robbery,Other,Male,Unknown,Yes,06-01-2018,4.00 PM
323,Delhi,Robbery,None,Female,Unknown,Yes,06-01-2018,5.00 PM
324,Delhi,Fraud,None,Male,Unknown,No,06-01-2018,6.00 PM
325,Kolkata,Murder,Gun,Male,Male,No,06-01-2018,7.00 PM
326,Mumbai,Murder,Knife,Male,Unknown,Yes,06-01-2018,8.00 PM
327,Kolkata,Theft,Gun,Female,Female,No,06-01-2018,9.00 PM
328,Chennai,Assault,Other,Male,Unknown,Yes,06-01-2018,10.00 PM
329,Chennai,Fraud,Other,Female,Female,No,06-01-2018,11.00 PM
330,Chennai,Theft,Other,Male,Female,Yes,07-01-2018,12.00 AM
331,Chennai,Theft,Gun,Female,Male,No,07-01-2018,1.00 AM
332,Chennai,Robbery,Other,Female,Unknown,Yes,07-01-2018,2.00 AM
333,Bengaluru,Assault,Other,Male,Female,No,07-01-2018,3.00 AM
334,Delhi,Assault,Other,Male,Unknown,No,07-01-2018,4.00 AM
335,Chennai,Fraud,None,Female,Male,No,07-01-2018,5.00 AM
336,Mumbai,Assault,Knife,Female,Male,Yes,07-01-2018,6.00 AM
337,Mumbai,Theft,None,Male,Unknown,No,07-01-2018,7.00 AM
338,Mumbai,Assault,None,Female,Female,No,07-01-2018,8.00 AM
339,Mumbai,Assault,Knife,Female,Male,Yes,07-01-2018,9.00 AM
340,Bengaluru,Murder,Knife,Male,Female,Yes,07-01-2018,10.00 AM
341,Mumbai,Theft,Gun,Male,Female,No,07-01-2018,11.00 AM
342,Chennai,Assault,Knife,Male,Unknown,No,07-01-2018,12.00 PM
343,Kolkata,Assault,Gun,Male,Male,Yes,07-01-2018,1.00 PM
344,Mumbai,Robbery,Gun,Female,Unknown,No,07-01-2018,2.00 PM
345,Bengaluru,Assault,None,Male,Unknown,No,07-01-2018,3.00 PM
346,Bengaluru,Assault,Other,Male,Unknown,Yes,07-01-2018,4.00 PM
347,Mumbai,Murder,None,Male,Female,Yes,07-01-2018,5.00 PM
348,Kolkata,Theft,None,Male,Unknown,Yes,07-01-2018,6.00 PM
349,Mumbai,Fraud,Knife,Female,Male,No,07-01-2018,7.00 PM
350,Bengaluru,Theft,Knife,Female,Female,No,07-01-2018,8.00 PM
351,Delhi,Robbery,Gun,Male,Unknown,Yes,07-01-2018,9.00 PM
352,Chennai,Theft,Gun,Male,Male,Yes,07-01-2018,10.00 PM
353,Bengaluru,Assault,Gun,Male,Unknown,No,07-01-2018,11.00 PM
354,Mumbai,Robbery,Knife,Male,Unknown,Yes,08-01-2018,12.00 AM
355,Chennai,Theft,Gun,Female,Unknown,No,08-01-2018,1.00 AM
356,Mumbai,Robbery,Gun,Female,Female,Yes,08-01-2018,2.00 AM
357,Mumbai,Fraud,Knife,Female,Unknown,Yes,08-01-2018,3.00 AM
358,Delhi,Theft,Other,Female,Male,No,08-01-2018,4.00 AM
359,Chennai,Assault,None,Male,Unknown,No,08-01-2018,5.00 AM
360,Chennai,Robbery,Knife,Female,Unknown,Yes,08-01-2018,6.00 AM
361,Delhi,Murder,Gun,Female,Female,No,08-01-2018,7.00 AM
362,Bengaluru,Robbery,None,Male,Unknown,No,08-01-2018,8.00 AM
363,Mumbai,Murder,Knife,Female,Male,Yes,08-01-2018,9.00 AM
364,Kolkata,Assault,None,Female,Male,No,08-01-2018,10.00 AM
365,Mumbai,Fraud,None,Female,Unknown,No,08-01-2018,11.00 AM
366,Mumbai,Murder,Other,Male,Male,No,08-01-2018,12.00 PM
367,Bengaluru,Fraud,Gun,Male,Male,No,08-01-2018,1.00 PM
368,Mumbai,Robbery,Knife,Male,Unknown,Yes,08-01-2018,2.00 PM
369,Delhi,Assault,Gun,Male,Male,Yes,08-01-2018,3.00 PM
370,Delhi,Murder,Other,Female,Male,Yes,08-01-2018,4.00 PM
371,Chennai,Robbery,Other,Female,Unknown,Yes,08-01-2018,5.00 PM
372,Kolkata,Theft,Knife,Male,Female,Yes,08-01-2018,6.00 PM
373,Mumbai,Robbery,Knife,Male,Female,No,08-01-2018,7.00 PM
374,Mumbai,Fraud,Other,Male,Unknown,No,08-01-2018,8.00 PM
375,Bengaluru,Assault,Knife,Female,Female,No,08-01-2018,9.00 PM
376,Delhi,Assault,None,Female,Female,Yes,08-01-2018,10.00 PM
377,Kolkata,Robbery,None,Male,Female,Yes,08-01-2018,11.00 PM
378,Chennai,Theft,Other,Male,Female,Yes,09-01-2018,12.00 AM
379,Delhi,Fraud,Gun,Male,Unknown,No,09-01-2018,1.00 AM
380,Chennai,Robbery,Knife,Male,Female,No,09-01-2018,2.00 AM
381,Bengaluru,Robbery,Knife,Male,Female,No,09-01-2018,3.00 AM
382,Bengaluru,Assault,None,Male,Unknown,Yes,09-01-2018,4.00 AM
383,Mumbai,Fraud,Knife,Male,Unknown,Yes,09-01-2018,5.00 AM
384,Kolkata,Theft,Gun,Male,Female,No,09-01-2018,6.00 AM
385,Chennai,Assault,Knife,Female,Male,No,09-01-2018,7.00 AM
386,Delhi,Robbery,Knife,Male,Unknown,No,09-01-2018,8.00 AM
387,Bengaluru,Assault,None,Female,Unknown,Yes,09-01-2018,9.00 AM
388,Mumbai,Assault,Knife,Male,Female,Yes,09-01-2018,10.00 AM
389,Mumbai,Murder,Other,Female,Male,No,09-01-2018,11.00 AM
390,Chennai,Assault,Other,Male,Unknown,No,09-01-2018,12.00 PM
391,Bengaluru,Assault,Gun,Male,Unknown,Yes,09-01-2018,1.00 PM
392,Kolkata,Fraud,Gun,Female,Unknown,No,09-01-2018,2.00 PM
393,Bengaluru,Assault,Gun,Male,Male,No,09-01-2018,3.00 PM
394,Chennai,Theft,Gun,Female,Unknown,Yes,09-01-2018,4.00 PM
395,Bengaluru,Fraud,Knife,Female,Male,No,09-01-2018,6.00 PM
396,Kolkata,Robbery,Gun,Female,Female,Yes,10-01-2019,11.00 PM
397,Bengaluru,Fraud,Knife,Female,Female,No,11-01-2019,12.00 AM
398,Delhi,Murder,Other,Male,Male,Yes,11-01-2019,1.00 AM
399,Bengaluru,Murder,Knife,Female,Female,Yes,11-01-2019,2.00 AM
400,Delhi,Theft,Knife,Female,Female,No,11-01-2019,3.00 AM
401,Kolkata,Murder,None,Male,Unknown,No,11-01-2019,4.00 AM
402,Chennai,Murder,None,Female,Unknown,No,11-01-2019,5.00 AM
403,Delhi,Assault,Gun,Male,Unknown,No,11-01-2019,6.00 AM
404,Chennai,Assault,Other,Male,Male,No,11-01-2019,7.00 AM
405,Chennai,Fraud,Gun,Female,Unknown,Yes,11-01-2019,8.00 AM
406,Delhi,Fraud,Other,Male,Male,Yes,11-01-2019,9.00 AM
407,Kolkata,Assault,Other,Male,Unknown,No,11-01-2019,10.00 AM
408,Mumbai,Theft,None,Female,Female,Yes,11-01-2019,11.00 AM
409,Chennai,Assault,Knife,Male,Female,No,11-01-2019,12.00 PM
410,Chennai,Fraud,Knife,Male,Unknown,Yes,11-01-2019,1.00 PM
411,Kolkata,Robbery,None,Female,Unknown,No,11-01-2019,2.00 PM
412,Kolkata,Murder,Gun,Male,Male,No,11-01-2019,3.00 PM
413,Bengaluru,Robbery,Knife,Male,Female,Yes,11-01-2019,4.00 PM
414,Kolkata,Robbery,Gun,Female,Unknown,No,11-01-2019,5.00 PM
415,Chennai,Murder,Knife,Female,Unknown,No,11-01-2019,6.00 PM
416,Delhi,Assault,Gun,Male,Female,No,11-01-2019,7.00 PM
417,Mumbai,Theft,Other,Male,Unknown,Yes,11-01-2019,8.00 PM
418,Bengaluru,Robbery,Other,Male,Female,Yes,11-01-2019,9.00 PM
419,Delhi,Theft,Knife,Female,Unknown,No,11-01-2019,10.00 PM
420,Mumbai,Fraud,Gun,Male,Female,Yes,11-01-2019,11.00 PM
421,Mumbai,Robbery,Gun,Female,Male,Yes,12-01-2019,12.00 AM
422,Mumbai,Fraud,Other,Male,Unknown,No,12-01-2019,1.00 AM
423,Delhi,Assault,Gun,Male,Unknown,Yes,12-01-2019,2.00 AM
424,Bengaluru,Robbery,None,Female,Unknown,No,12-01-2019,3.00 AM
425,Bengaluru,Fraud,Gun,Male,Male,No,12-01-2019,4.00 AM
426,Mumbai,Fraud,Other,Female,Unknown,No,12-01-2019,5.00 AM
427,Delhi,Assault,None,Female,Unknown,No,12-01-2019,6.00 AM
428,Mumbai,Theft,None,Male,Female,Yes,12-01-2019,7.00 AM
429,Kolkata,Theft,Gun,Male,Unknown,No,12-01-2019,8.00 AM
430,Bengaluru,Robbery,Other,Female,Unknown,Yes,12-01-2019,9.00 AM
431,Chennai,Assault,Other,Female,Female,Yes,12-01-2019,10.00 AM
432,Mumbai,Robbery,Other,Female,Male,Yes,12-01-2019,11.00 AM
433,Kolkata,Theft,None,Male,Male,No,12-01-2019,12.00 PM
434,Bengaluru,Assault,Other,Male,Female,No,12-01-2019,1.00 PM
435,Delhi,Murder,None,Male,Male,No,12-01-2019,2.00 PM
436,Bengaluru,Assault,None,Male,Male,No,12-01-2019,3.00 PM
437,Delhi,Assault,Knife,Female,Unknown,No,12-01-2019,4.00 PM
438,Delhi,Murder,Gun,Female,Unknown,No,12-01-2019,5.00 PM
439,Mumbai,Fraud,Other,Female,Unknown,No,12-01-2019,6.00 PM
440,Mumbai,Fraud,None,Male,Male,Yes,12-01-2019,7.00 PM
441,Bengaluru,Fraud,Gun,Male,Unknown,Yes,12-01-2019,8.00 PM
442,Kolkata,Theft,None,Male,Male,No,12-01-2019,9.00 PM
443,Bengaluru,Assault,Gun,Female,Unknown,No,12-01-2019,10.00 PM
444,Chennai,Murder,None,Female,Male,Yes,12-01-2019,11.00 PM
445,Delhi,Theft,Other,Female,Female,No,13-01-2019,12.00 AM
446,Delhi,Murder,Knife,Female,Female,Yes,13-01-2019,1.00 AM
447,Mumbai,Theft,Knife,Male,Unknown,Yes,13-01-2019,2.00 AM
448,Kolkata,Theft,Knife,Male,Male,No,13-01-2019,3.00 AM
449,Mumbai,Theft,None,Male,Female,No,13-01-2019,4.00 AM
450,Chennai,Murder,Gun,Female,Female,Yes,13-01-2019,5.00 AM
451,Bengaluru,Robbery,Other,Female,Unknown,Yes,13-01-2019,6.00 AM
452,Bengaluru,Theft,Other,Female,Unknown,No,13-01-2019,7.00 AM
453,Kolkata,Fraud,None,Female,Male,Yes,13-01-2019,8.00 AM
454,Mumbai,Assault,Knife,Male,Female,No,13-01-2019,9.00 AM
455,Mumbai,Robbery,None,Male,Male,No,13-01-2019,10.00 AM
456,Chennai,Robbery,Gun,Female,Male,No,13-01-2019,11.00 AM
457,Bengaluru,Murder,Knife,Male,Unknown,No,13-01-2019,12.00 PM
458,Mumbai,Robbery,None,Female,Male,Yes,13-01-2019,1.00 PM
459,Kolkata,Murder,Gun,Female,Male,No,13-01-2019,2.00 PM
460,Bengaluru,Murder,Knife,Female,Female,No,13-01-2019,3.00 PM
461,Chennai,Fraud,Other,Female,Male,Yes,13-01-2019,4.00 PM
462,Kolkata,Theft,Gun,Female,Female,Yes,13-01-2019,5.00 PM
463,Delhi,Robbery,Other,Male,Female,Yes,13-01-2019,6.00 PM
464,Chennai,Theft,Gun,Male,Male,No,13-01-2019,7.00 PM
465,Kolkata,Theft,Knife,Male,Male,Yes,13-01-2019,8.00 PM
466,Mumbai,Theft,None,Male,Female,Yes,13-01-2019,9.00 PM
467,Delhi,Murder,None,Male,Male,No,13-01-2019,10.00 PM
468,Chennai,Theft,None,Male,Female,Yes,13-01-2019,11.00 PM
469,Mumbai,Robbery,None,Female,Male,Yes,14-01-2019,12.00 AM
470,Delhi,Murder,Gun,Female,Female,Yes,14-01-2019,1.00 AM
471,Bengaluru,Robbery,None,Male,Female,Yes,14-01-2019,2.00 AM
472,Mumbai,Murder,None,Female,Unknown,No,14-01-2019,3.00 AM
473,Kolkata,Assault,Gun,Female,Male,No,14-01-2019,4.00 AM
474,Chennai,Assault,Gun,Female,Female,No,14-01-2019,5.00 AM
475,Delhi,Assault,Knife,Male,Female,Yes,14-01-2019,6.00 AM
476,Mumbai,Assault,Gun,Male,Male,Yes,14-01-2019,7.00 AM
477,Bengaluru,Murder,Other,Male,Male,Yes,14-01-2019,8.00 AM
478,Chennai,Theft,Knife,Female,Male,No,14-01-2019,9.00 AM
479,Chennai,Fraud,Knife,Male,Unknown,Yes,14-01-2019,10.00 AM
480,Mumbai,Fraud,None,Male,Male,No,14-01-2019,11.00 AM
481,Bengaluru,Assault,None,Male,Unknown,No,14-01-2019,12.00 PM
482,Delhi,Theft,Other,Female,Male,Yes,14-01-2019,1.00 PM
483,Mumbai,Robbery,None,Male,Unknown,Yes,14-01-2019,2.00 PM
484,Delhi,Theft,Gun,Male,Male,Yes,14-01-2019,3.00 PM
485,Chennai,Robbery,Gun,Male,Unknown,No,14-01-2019,4.00 PM
486,Delhi,Fraud,None,Female,Female,Yes,14-01-2019,5.00 PM
487,Bengaluru,Theft,None,Male,Unknown,Yes,14-01-2019,6.00 PM
488,Kolkata,Theft,Gun,Male,Unknown,Yes,14-01-2019,7.00 PM
489,Bengaluru,Fraud,Knife,Female,Female,Yes,14-01-2019,8.00 PM
490,Delhi,Theft,Other,Male,Male,Yes,14-01-2019,9.00 PM
491,Mumbai,Robbery,Other,Male,Female,No,14-01-2019,10.00 PM
492,Chennai,Theft,Knife,Male,Female,Yes,14-01-2019,11.00 PM
493,Kolkata,Robbery,Other,Male,Female,No,15-01-2019,12.00 AM
494,Mumbai,Assault,None,Female,Unknown,No,15-01-2019,1.00 AM
495,Mumbai,Theft,None,Female,Female,Yes,15-01-2019,2.00 AM
496,Bengaluru,Robbery,None,Female,Male,No,15-01-2019,3.00 AM
497,Delhi,Fraud,Other,Male,Unknown,No,15-01-2019,4.00 AM
498,Bengaluru,Assault,Knife,Male,Unknown,Yes,15-01-2019,5.00 AM
499,Delhi,Theft,None,Male,Female,No,15-01-2019,6.00 AM
500,Bengaluru,Robbery,Knife,Male,Unknown,No,15-01-2019,7.00 AM
501,Mumbai,Theft,Gun,Female,Male,No,15-01-2019,8.00 AM
502,Chennai,Robbery,Gun,Male,Unknown,No,15-01-2019,9.00 AM
503,Delhi,Theft,Gun,Female,Female,Yes,15-01-2019,10.00 AM
504,Kolkata,Assault,Other,Male,Female,No,15-01-2019,11.00 AM
505,Kolkata,Assault,Other,Male,Female,Yes,15-01-2019,12.00 PM
506,Mumbai,Theft,None,Female,Unknown,No,15-01-2019,1.00 PM
507,Bengaluru,Theft,Gun,Male,Female,No,15-01-2019,2.00 PM
508,Bengaluru,Murder,Knife,Male,Unknown,Yes,15-01-2019,3.00 PM
509,Mumbai,Theft,Other,Male,Female,No,15-01-2019,4.00 PM
510,Kolkata,Theft,Knife,Male,Female,No,15-01-2019,5.00 PM
511,Kolkata,Assault,Knife,Female,Female,Yes,15-01-2019,6.00 PM
512,Bengaluru,Theft,None,Male,Male,Yes,15-01-2019,7.00 PM
513,Delhi,Fraud,None,Female,Male,Yes,15-01-2019,8.00 PM
514,Chennai,Theft,Knife,Female,Female,Yes,15-01-2019,9.00 PM
515,Delhi,Murder,Knife,Male,Female,Yes,15-01-2019,10.00 PM
516,Kolkata,Robbery,Knife,Male,Unknown,Yes,15-01-2019,11.00 PM
517,Delhi,Assault,Knife,Female,Unknown,Yes,16-01-2019,12.00 AM
518,Chennai,Fraud,Gun,Female,Male,Yes,16-01-2019,1.00 AM
519,Delhi,Robbery,Knife,Male,Unknown,No,16-01-2019,2.00 AM
520,Delhi,Fraud,Other,Male,Unknown,Yes,16-01-2019,3.00 AM
521,Delhi,Assault,None,Female,Unknown,No,16-01-2019,4.00 AM
522,Delhi,Murder,Other,Male,Unknown,No,16-01-2019,5.00 AM
523,Mumbai,Assault,None,Male,Male,No,16-01-2019,6.00 AM
524,Kolkata,Fraud,None,Female,Male,Yes,16-01-2019,7.00 AM
525,Chennai,Fraud,None,Male,Unknown,Yes,16-01-2019,8.00 AM
526,Kolkata,Assault,Other,Female,Unknown,No,16-01-2019,9.00 AM
527,Mumbai,Theft,None,Male,Male,Yes,16-01-2019,10.00 AM
528,Mumbai,Assault,Knife,Female,Female,Yes,16-01-2019,11.00 AM
529,Mumbai,Murder,Knife,Female,Unknown,Yes,16-01-2019,12.00 PM
530,Mumbai,Assault,Gun,Female,Female,Yes,16-01-2019,1.00 PM
531,Delhi,Robbery,Gun,Female,Unknown,No,16-01-2019,2.00 PM
532,Kolkata,Theft,Gun,Female,Male,Yes,16-01-2019,3.00 PM
533,Bengaluru,Robbery,Knife,Male,Unknown,No,16-01-2019,4.00 PM
534,Chennai,Assault,Other,Male,Female,Yes,16-01-2019,5.00 PM
535,Mumbai,Theft,Gun,Female,Male,No,16-01-2019,6.00 PM
536,Kolkata,Robbery,Knife,Female,Unknown,No,16-01-2019,7.00 PM
537,Mumbai,Robbery,None,Female,Unknown,Yes,16-01-2019,8.00 PM
538,Mumbai,Theft,Other,Female,Male,Yes,16-01-2019,9.00 PM
539,Mumbai,Theft,Other,Female,Unknown,No,16-01-2019,10.00 PM
540,Mumbai,Fraud,Knife,Male,Male,No,16-01-2019,11.00 PM
541,Mumbai,Theft,Knife,Female,Unknown,Yes,17-01-2019,12.00 AM
542,Chennai,Assault,None,Male,Male,Yes,17-01-2019,1.00 AM
543,Kolkata,Murder,None,Female,Unknown,Yes,17-01-2019,2.00 AM
544,Mumbai,Fraud,None,Female,Male,Yes,17-01-2019,3.00 AM
545,Mumbai,Theft,Other,Male,Male,No,17-01-2019,4.00 AM
546,Mumbai,Murder,Other,Female,Unknown,Yes,17-01-2019,5.00 AM
547,Mumbai,Fraud,Gun,Female,Male,Yes,17-01-2019,6.00 AM
548,Delhi,Assault,Gun,Male,Unknown,Yes,17-01-2019,7.00 AM
549,Delhi,Murder,Gun,Male,Unknown,No,17-01-2019,8.00 AM
550,Bengaluru,Theft,Other,Female,Unknown,Yes,17-01-2019,9.00 AM
551,Mumbai,Theft,None,Male,Male,No,17-01-2019,10.00 AM
552,Bengaluru,Assault,Gun,Female,Unknown,Yes,17-01-2019,11.00 AM
553,Chennai,Fraud,None,Male,Male,No,17-01-2019,12.00 PM
554,Bengaluru,Murder,None,Female,Female,No,17-01-2019,1.00 PM
555,Kolkata,Assault,None,Male,Female,Yes,17-01-2019,2.00 PM
556,Delhi,Fraud,Gun,Female,Female,No,17-01-2019,3.00 PM
557,Delhi,Robbery,Gun,Male,Unknown,No,17-01-2019,4.00 PM
558,Mumbai,Robbery,None,Male,Male,Yes,17-01-2019,5.00 PM
559,Mumbai,Fraud,Gun,Female,Unknown,No,17-01-2019,6.00 PM
560,Chennai,Theft,Knife,Female,Male,Yes,17-01-2019,7.00 PM
561,Chennai,Theft,Gun,Female,Female,Yes,17-01-2019,8.00 PM
562,Kolkata,Robbery,None,Male,Female,Yes,17-01-2019,9.00 PM
563,Mumbai,Theft,None,Female,Female,No,17-01-2019,10.00 PM
564,Mumbai,Theft,Other,Female,Unknown,No,17-01-2019,11.00 PM
565,Chennai,Fraud,Other,Male,Unknown,No,18-01-2019,12.00 AM
566,Chennai,Fraud,None,Male,Male,No,18-01-2019,1.00 AM
567,Chennai,Theft,Knife,Female,Male,Yes,18-01-2019,2.00 AM
568,Delhi,Fraud,Other,Female,Female,No,18-01-2019,3.00 AM
569,Bengaluru,Murder,None,Male,Unknown,Yes,18-01-2019,4.00 AM
570,Bengaluru,Robbery,Other,Male,Unknown,No,18-01-2019,5.00 AM
571,Mumbai,Murder,Other,Female,Male,No,18-01-2019,6.00 AM
572,Delhi,Murder,None,Male,Male,No,18-01-2019,7.00 AM
573,Chennai,Theft,Gun,Male,Unknown,Yes,18-01-2019,8.00 AM
574,Mumbai,Theft,Knife,Female,Unknown,Yes,18-01-2019,9.00 AM
575,Delhi,Murder,Gun,Female,Male,Yes,18-01-2019,10.00 AM
576,Kolkata,Murder,None,Female,Unknown,Yes,18-01-2019,11.00 AM
577,Delhi,Assault,None,Male,Unknown,No,18-01-2019,12.00 PM
578,Mumbai,Assault,Knife,Female,Female,No,18-01-2019,1.00 PM
579,Bengaluru,Robbery,None,Male,Unknown,No,18-01-2019,2.00 PM
580,Chennai,Murder,Other,Male,Unknown,No,18-01-2019,3.00 PM
581,Kolkata,Fraud,Knife,Male,Unknown,Yes,18-01-2019,4.00 PM
582,Delhi,Assault,Gun,Male,Male,Yes,18-01-2019,5.00 PM
583,Mumbai,Theft,Knife,Female,Female,Yes,18-01-2019,6.00 PM
584,Mumbai,Murder,Gun,Male,Male,No,18-01-2019,7.00 PM
585,Chennai,Fraud,None,Female,Female,No,18-01-2019,8.00 PM
586,Mumbai,Fraud,Gun,Male,Female,No,18-01-2019,9.00 PM
587,Mumbai,Fraud,Gun,Male,Unknown,No,18-01-2019,10.00 PM
588,Chennai,Theft,Gun,Female,Female,No,18-01-2019,11.00 PM
589,Kolkata,Assault,Knife,Female,Female,No,19-01-2019,12.00 AM
590,Bengaluru,Fraud,Other,Female,Unknown,No,19-01-2019,1.00 AM
591,Bengaluru,Assault,Gun,Female,Unknown,Yes,19-01-2019,2.00 AM
592,Delhi,Robbery,Knife,Female,Female,Yes,19-01-2019,3.00 AM
593,Kolkata,Theft,Knife,Female,Male,No,19-01-2019,4.00 AM
594,Delhi,Assault,Other,Male,Female,No,19-01-2019,5.00 AM
595,Bengaluru,Assault,Knife,Female,Male,No,19-01-2019,6.00 AM
596,Chennai,Fraud,None,Male,Male,No,19-01-2019,7.00 AM
597,Mumbai,Fraud,None,Male,Female,Yes,19-01-2019,8.00 AM
598,Bengaluru,Theft,None,Female,Male,Yes,19-01-2019,9.00 AM
599,Kolkata,Assault,Other,Male,Female,No,19-01-2019,10.00 AM
600,Bengaluru,Murder,Knife,Male,Male,Yes,19-01-2019,11.00 AM
601,Kolkata,Fraud,None,Female,Male,Yes,19-01-2019,12.00 PM
602,Kolkata,Fraud,Gun,Female,Female,No,19-01-2019,1.00 PM
603,Kolkata,Robbery,Knife,Male,Unknown,Yes,19-01-2019,2.00 PM
604,Delhi,Theft,None,Female,Unknown,No,19-01-2019,3.00 PM
605,Chennai,Assault,Knife,Female,Female,No,19-01-2019,4.00 PM
606,Bengaluru,Assault,None,Male,Female,No,19-01-2019,5.00 PM
607,Chennai,Assault,Gun,Female,Unknown,No,19-01-2019,6.00 PM
608,Mumbai,Fraud,Knife,Female,Unknown,Yes,19-01-2019,7.00 PM
609,Bengaluru,Theft,None,Female,Male,No,19-01-2019,8.00 PM
610,Chennai,Assault,None,Male,Male,No,19-01-2019,9.00 PM
611,Chennai,Murder,Gun,Male,Male,Yes,19-01-2019,10.00 PM
612,Mumbai,Robbery,Gun,Female,Unknown,No,19-01-2019,11.00 PM
613,Kolkata,Robbery,None,Female,Female,Yes,20-01-2019,12.00 AM
614,Bengaluru,Assault,None,Female,Male,Yes,20-01-2019,1.00 AM
615,Bengaluru,Fraud,Other,Male,Female,No,20-01-2019,2.00 AM
616,Mumbai,Robbery,Other,Male,Unknown,No,20-01-2019,3.00 AM
617,Kolkata,Robbery,Knife,Female,Male,Yes,20-01-2019,4.00 AM
618,Bengaluru,Robbery,Knife,Female,Unknown,Yes,20-01-2019,5.00 AM
619,Bengaluru,Robbery,Other,Male,Female,No,20-01-2019,6.00 AM
620,Bengaluru,Assault,None,Female,Male,No,20-01-2019,7.00 AM
621,Kolkata,Theft,Gun,Female,Female,No,20-01-2019,8.00 AM
622,Mumbai,Theft,Knife,Male,Female,No,20-01-2019,9.00 AM
623,Bengaluru,Fraud,None,Female,Male,No,20-01-2019,10.00 AM
624,Chennai,Murder,Gun,Female,Male,No,20-01-2019,11.00 AM
625,Kolkata,Theft,Gun,Male,Unknown,No,20-01-2019,12.00 PM
626,Delhi,Murder,None,Female,Male,No,20-01-2019,1.00 PM
627,Mumbai,Theft,None,Male,Male,Yes,20-01-2019,2.00 PM
628,Chennai,Theft,Knife,Male,Male,Yes,20-01-2019,3.00 PM
629,Bengaluru,Fraud,Other,Male,Male,Yes,20-01-2019,4.00 PM
630,Delhi,Robbery,None,Female,Male,Yes,20-01-2019,5.00 PM
631,Mumbai,Fraud,Other,Female,Unknown,No,20-01-2019,6.00 PM
632,Kolkata,Theft,Knife,Female,Female,No,20-01-2019,7.00 PM
633,Delhi,Robbery,Other,Female,Unknown,No,20-01-2019,8.00 PM
634,Delhi,Robbery,Other,Male,Female,Yes,20-01-2019,9.00 PM
635,Chennai,Robbery,Gun,Male,Male,Yes,20-01-2019,10.00 PM
636,Mumbai,Murder,Knife,Male,Unknown,No,20-01-2019,11.00 PM
637,Chennai,Theft,None,Female,Female,Yes,21-01-2019,12.00 AM
638,Chennai,Assault,Other,Male,Female,No,21-01-2019,1.00 AM
639,Bengaluru,Fraud,Knife,Male,Male,No,21-01-2019,2.00 AM
640,Kolkata,Murder,Gun,Female,Male,Yes,21-01-2019,3.00 AM
641,Delhi,Fraud,Gun,Female,Female,Yes,21-01-2019,4.00 AM
642,Mumbai,Assault,Other,Male,Unknown,No,21-01-2019,5.00 AM
643,Kolkata,Robbery,Other,Female,Female,Yes,21-01-2019,6.00 AM
644,Kolkata,Assault,None,Female,Unknown,No,21-01-2019,7.00 AM
645,Mumbai,Fraud,Knife,Female,Unknown,No,21-01-2019,8.00 AM
646,Kolkata,Assault,None,Male,Female,No,21-01-2019,9.00 AM
647,Bengaluru,Theft,None,Male,Unknown,No,21-01-2019,10.00 AM
648,Kolkata,Assault,Gun,Male,Female,Yes,21-01-2019,11.00 AM
649,Bengaluru,Theft,Knife,Male,Female,No,21-01-2019,12.00 PM
650,Delhi,Assault,None,Male,Male,Yes,21-01-2019,1.00 PM
651,Delhi,Theft,Gun,Male,Female,No,21-01-2019,2.00 PM
652,Chennai,Theft,Other,Male,Female,Yes,21-01-2019,3.00 PM
653,Bengaluru,Assault,None,Male,Male,No,21-01-2019,4.00 PM
654,Delhi,Murder,Other,Female,Male,No,21-01-2019,5.00 PM
655,Kolkata,Robbery,Knife,Female,Unknown,Yes,21-01-2019,6.00 PM
656,Mumbai,Robbery,None,Male,Unknown,No,21-01-2019,7.00 PM
657,Mumbai,Robbery,Other,Female,Male,No,21-01-2019,8.00 PM
658,Bengaluru,Theft,Other,Female,Male,No,21-01-2019,9.00 PM
659,Chennai,Robbery,Knife,Male,Male,No,21-01-2019,10.00 PM
660,Kolkata,Theft,Gun,Male,Female,Yes,21-01-2019,11.00 PM
661,Bengaluru,Murder,Gun,Male,Female,Yes,22-01-2019,12.00 AM
662,Mumbai,Assault,None,Female,Female,No,22-01-2019,1.00 AM
663,Bengaluru,Assault,Other,Female,Male,No,22-01-2019,2.00 AM
664,Kolkata,Theft,Gun,Male,Unknown,No,22-01-2019,3.00 AM
665,Delhi,Theft,None,Male,Unknown,Yes,22-01-2019,4.00 AM
666,Kolkata,Murder,Other,Female,Female,No,22-01-2019,5.00 AM
667,Delhi,Robbery,None,Male,Female,Yes,22-01-2019,6.00 AM
668,Delhi,Murder,Knife,Male,Male,Yes,22-01-2019,7.00 AM
669,Delhi,Assault,None,Female,Male,Yes,22-01-2019,8.00 AM
670,Bengaluru,Assault,Knife,Female,Unknown,Yes,22-01-2019,9.00 AM
671,Mumbai,Robbery,Other,Male,Unknown,No,22-01-2019,10.00 AM
672,Bengaluru,Assault,Other,Female,Male,No,22-01-2019,11.00 AM
673,Mumbai,Theft,Other,Female,Unknown,Yes,22-01-2019,12.00 PM
674,Kolkata,Assault,None,Male,Unknown,Yes,22-01-2019,1.00 PM
675,Chennai,Fraud,Other,Male,Female,No,22-01-2019,2.00 PM
676,Kolkata,Robbery,Other,Male,Male,No,22-01-2019,3.00 PM
677,Bengaluru,Robbery,Knife,Male,Male,No,22-01-2019,4.00 PM
678,Bengaluru,Robbery,Other,Male,Male,No,22-01-2019,5.00 PM
679,Mumbai,Fraud,Other,Male,Female,Yes,22-01-2019,6.00 PM
680,Bengaluru,Murder,Other,Male,Male,No,22-01-2019,7.00 PM
681,Delhi,Theft,Gun,Female,Unknown,Yes,22-01-2019,8.00 PM
682,Bengaluru,Robbery,Other,Male,Female,No,22-01-2019,9.00 PM
683,Mumbai,Assault,None,Female,Female,Yes,22-01-2019,10.00 PM
684,Mumbai,Theft,Knife,Male,Male,No,22-01-2019,11.00 PM
685,Delhi,Assault,Other,Male,Unknown,No,23-01-2019,12.00 AM
686,Mumbai,Theft,None,Male,Male,No,23-01-2019,1.00 AM
687,Chennai,Theft,Knife,Male,Unknown,No,23-01-2019,2.00 AM
688,Kolkata,Assault,Knife,Male,Male,Yes,23-01-2019,3.00 AM
689,Bengaluru,Assault,None,Male,Unknown,No,23-01-2019,4.00 AM
690,Chennai,Theft,None,Female,Unknown,No,23-01-2019,5.00 AM
691,Bengaluru,Robbery,Gun,Male,Unknown,Yes,23-01-2019,6.00 AM
692,Chennai,Assault,Gun,Male,Female,Yes,23-01-2019,7.00 AM
693,Bengaluru,Fraud,Other,Male,Male,Yes,23-01-2019,8.00 AM
694,Delhi,Fraud,Gun,Female,Male,Yes,23-01-2019,9.00 AM
695,Mumbai,Theft,None,Female,Male,No,23-01-2019,10.00 AM
696,Mumbai,Murder,Gun,Male,Female,No,23-01-2019,11.00 AM
697,Delhi,Theft,Knife,Male,Unknown,No,23-01-2019,12.00 PM
698,Chennai,Theft,None,Male,Female,No,23-01-2019,1.00 PM
699,Kolkata,Robbery,Other,Male,Female,Yes,23-01-2019,2.00 PM
700,Chennai,Robbery,Knife,Male,Unknown,No,23-01-2019,3.00 PM
701,Mumbai,Murder,Knife,Female,Male,Yes,23-01-2019,4.00 PM
702,Kolkata,Murder,Knife,Male,Female,No,23-01-2019,5.00 PM
703,Bengaluru,Murder,None,Female,Unknown,Yes,23-01-2019,6.00 PM
704,Kolkata,Murder,None,Female,Unknown,Yes,23-01-2019,7.00 PM
705,Chennai,Murder,Other,Male,Male,Yes,23-01-2019,8.00 PM
706,Delhi,Theft,Gun,Female,Unknown,Yes,23-01-2019,9.00 PM
707,Bengaluru,Theft,Gun,Male,Unknown,Yes,23-01-2019,10.00 PM
708,Chennai,Fraud,Gun,Female,Unknown,Yes,23-01-2019,11.00 PM
709,Bengaluru,Fraud,Gun,Male,Male,Yes,24-01-2019,12.00 AM
710,Kolkata,Assault,Knife,Male,Male,Yes,24-01-2019,1.00 AM
711,Mumbai,Theft,None,Male,Unknown,No,24-01-2019,2.00 AM
712,Chennai,Murder,Gun,Male,Unknown,Yes,24-01-2019,3.00 AM
713,Delhi,Assault,Knife,Female,Male,No,24-01-2019,4.00 AM
714,Kolkata,Robbery,None,Female,Male,Yes,24-01-2019,5.00 AM
715,Chennai,Theft,None,Female,Male,No,24-01-2019,6.00 AM
716,Delhi,Fraud,None,Male,Female,No,24-01-2019,7.00 AM
717,Chennai,Theft,Knife,Male,Male,Yes,24-01-2019,8.00 AM
718,Kolkata,Theft,Gun,Female,Unknown,No,24-01-2019,9.00 AM
719,Chennai,Theft,None,Male,Male,No,24-01-2019,10.00 AM
720,Bengaluru,Theft,Knife,Male,Unknown,No,24-01-2019,11.00 AM
721,Kolkata,Robbery,None,Female,Unknown,Yes,24-01-2019,12.00 PM
722,Chennai,Fraud,Other,Male,Unknown,Yes,24-01-2019,1.00 PM
723,Mumbai,Theft,Other,Female,Male,Yes,24-01-2019,2.00 PM
724,Chennai,Robbery,Knife,Male,Male,Yes,24-01-2019,3.00 PM
725,Bengaluru,Assault,Gun,Male,Male,No,24-01-2019,4.00 PM
726,Delhi,Theft,Gun,Female,Male,No,24-01-2019,5.00 PM
727,Delhi,Robbery,None,Female,Male,No,24-01-2019,6.00 PM
728,Delhi,Murder,Gun,Female,Female,No,24-01-2019,7.00 PM
729,Mumbai,Assault,Gun,Female,Male,Yes,24-01-2019,8.00 PM
730,Bengaluru,Fraud,Other,Female,Female,Yes,24-01-2019,9.00 PM
731,Kolkata,Theft,Knife,Male,Unknown,Yes,24-01-2019,10.00 PM
732,Delhi,Theft,Other,Female,Unknown,Yes,24-01-2019,11.00 PM
733,Bengaluru,Robbery,Knife,Male,Unknown,No,25-01-2019,12.00 AM
734,Chennai,Fraud,None,Male,Unknown,No,25-01-2019,1.00 AM
735,Mumbai,Murder,Other,Female,Female,No,25-01-2019,2.00 AM
736,Bengaluru,Assault,Knife,Female,Female,Yes,25-01-2019,3.00 AM
737,Bengaluru,Fraud,Gun,Male,Unknown,No,25-01-2019,4.00 AM
738,Kolkata,Theft,Knife,Female,Male,No,25-01-2019,5.00 AM
739,Bengaluru,Robbery,Gun,Female,Unknown,No,25-01-2019,6.00 AM
740,Kolkata,Murder,None,Male,Unknown,No,25-01-2019,7.00 AM
741,Mumbai,Robbery,Gun,Male,Female,No,25-01-2019,8.00 AM
742,Mumbai,Assault,Knife,Female,Unknown,No,25-01-2019,9.00 AM
743,Chennai,Fraud,Other,Male,Female,Yes,25-01-2019,10.00 AM
744,Kolkata,Robbery,Knife,Male,Female,No,25-01-2019,11.00 AM
745,Kolkata,Robbery,Other,Male,Unknown,Yes,25-01-2019,12.00 PM
746,Delhi,Theft,Knife,Male,Male,Yes,25-01-2019,1.00 PM
747,Delhi,Robbery,Knife,Male,Female,Yes,25-01-2019,2.00 PM
748,Chennai,Murder,None,Male,Female,No,25-01-2019,3.00 PM
749,Mumbai,Fraud,Gun,Male,Female,No,25-01-2019,4.00 PM
750,Delhi,Assault,Knife,Male,Unknown,Yes,25-01-2019,5.00 PM
751,Bengaluru,Robbery,Other,Male,Unknown,No,25-01-2019,6.00 PM
752,Mumbai,Murder,Gun,Male,Female,No,25-01-2019,7.00 PM
753,Bengaluru,Assault,None,Female,Male,No,25-01-2019,8.00 PM
754,Kolkata,Murder,Gun,Female,Unknown,Yes,25-01-2019,9.00 PM
755,Mumbai,Robbery,Knife,Female,Male,No,25-01-2019,10.00 PM
756,Chennai,Robbery,Other,Male,Male,No,25-01-2019,11.00 PM
757,Kolkata,Fraud,Other,Male,Unknown,Yes,26-01-2019,12.00 AM
758,Kolkata,Theft,Gun,Male,Female,Yes,26-01-2019,1.00 AM
759,Bengaluru,Murder,Other,Male,Male,No,26-01-2019,2.00 AM
760,Kolkata,Theft,Knife,Male,Female,No,26-01-2019,3.00 AM
761,Delhi,Theft,Other,Female,Male,Yes,26-01-2019,4.00 AM
762,Mumbai,Assault,Other,Male,Female,Yes,26-01-2019,5.00 AM
763,Delhi,Assault,Other,Female,Unknown,Yes,26-01-2019,6.00 AM
764,Bengaluru,Murder,Knife,Female,Male,No,26-01-2019,7.00 AM
765,Bengaluru,Theft,None,Female,Male,No,26-01-2019,8.00 AM
766,Mumbai,Fraud,Other,Male,Male,No,26-01-2019,9.00 AM
767,Kolkata,Theft,None,Female,Female,No,26-01-2019,10.00 AM
768,Chennai,Assault,Gun,Male,Male,No,26-01-2019,11.00 AM
769,Bengaluru,Theft,Gun,Male,Male,No,26-01-2019,12.00 PM
770,Mumbai,Robbery,Knife,Female,Female,Yes,26-01-2019,1.00 PM
771,Chennai,Robbery,Knife,Female,Female,No,26-01-2019,2.00 PM
772,Kolkata,Fraud,Knife,Female,Unknown,No,26-01-2019,3.00 PM
773,Bengaluru,Murder,Knife,Male,Female,Yes,26-01-2019,4.00 PM
774,Mumbai,Theft,None,Male,Male,Yes,26-01-2019,5.00 PM
775,Mumbai,Robbery,Knife,Female,Male,Yes,26-01-2019,6.00 PM
776,Mumbai,Murder,None,Male,Unknown,Yes,26-01-2019,7.00 PM
777,Bengaluru,Robbery,Other,Male,Unknown,Yes,26-01-2019,8.00 PM
778,Chennai,Murder,Other,Male,Male,Yes,26-01-2019,9.00 PM
779,Mumbai,Murder,Gun,Female,Female,Yes,26-01-2019,10.00 PM
780,Kolkata,Robbery,Gun,Female,Male,Yes,26-01-2019,11.00 PM
781,Mumbai,Assault,None,Female,Unknown,Yes,27-01-2019,12.00 AM
782,Chennai,Murder,Knife,Male,Male,No,27-01-2019,1.00 AM
783,Bengaluru,Theft,Gun,Female,Male,No,27-01-2019,2.00 AM
784,Mumbai,Robbery,None,Male,Male,No,27-01-2019,3.00 AM
785,Mumbai,Assault,Gun,Male,Unknown,Yes,27-01-2019,4.00 AM
786,Kolkata,Robbery,Knife,Male,Unknown,No,27-01-2019,5.00 AM
787,Kolkata,Fraud,None,Male,Unknown,Yes,27-01-2019,6.00 AM
788,Mumbai,Theft,Gun,Female,Female,Yes,27-01-2019,7.00 AM
789,Mumbai,Fraud,Knife,Female,Unknown,Yes,27-01-2019,8.00 AM
790,Kolkata,Murder,None,Male,Female,Yes,27-01-2019,9.00 AM
791,Chennai,Murder,None,Female,Female,No,27-01-2019,10.00 AM
792,Delhi,Fraud,None,Female,Unknown,No,27-01-2019,11.00 AM
793,Delhi,Fraud,Other,Female,Female,Yes,27-01-2019,12.00 PM
794,Mumbai,Murder,None,Female,Female,No,27-01-2019,1.00 PM
795,Kolkata,Assault,Gun,Female,Male,No,27-01-2019,2.00 PM
796,Bengaluru,Theft,None,Female,Female,Yes,27-01-2019,3.00 PM
797,Bengaluru,Robbery,None,Female,Female,No,27-01-2019,4.00 PM
798,Delhi,Fraud,None,Female,Unknown,No,27-01-2019,5.00 PM
799,Chennai,Theft,None,Female,Male,No,27-01-2019,6.00 PM
800,Delhi,Robbery,None,Female,Female,Yes,27-01-2019,7.00 PM
801,Mumbai,Robbery,Other,Female,Female,No,27-01-2019,8.00 PM
802,Chennai,Fraud,Knife,Male,Female,No,27-01-2019,9.00 PM
803,Bengaluru,Assault,Other,Male,Unknown,Yes,27-01-2019,10.00 PM
804,Kolkata,Assault,Gun,Female,Unknown,No,27-01-2019,11.00 PM
805,Kolkata,Theft,Knife,Female,Male,No,28-01-2019,12.00 AM
806,Mumbai,Theft,Gun,Female,Female,Yes,28-01-2019,1.00 AM
807,Delhi,Murder,None,Female,Male,Yes,28-01-2019,2.00 AM
808,Mumbai,Assault,Gun,Male,Unknown,No,28-01-2019,3.00 AM
809,Kolkata,Theft,Other,Male,Female,Yes,28-01-2019,4.00 AM
810,Bengaluru,Murder,Other,Female,Female,No,28-01-2019,5.00 AM
811,Kolkata,Robbery,None,Male,Male,Yes,28-01-2019,6.00 AM
812,Chennai,Theft,None,Female,Female,Yes,28-01-2019,7.00 AM
813,Kolkata,Murder,Knife,Male,Unknown,Yes,28-01-2019,8.00 AM
814,Kolkata,Assault,Other,Female,Male,No,28-01-2019,9.00 AM
815,Chennai,Robbery,Other,Male,Male,No,28-01-2019,10.00 AM
816,Delhi,Theft,Knife,Male,Female,Yes,28-01-2019,11.00 AM
817,Kolkata,Assault,Other,Male,Unknown,Yes,28-01-2019,12.00 PM
818,Mumbai,Robbery,Knife,Female,Female,No,28-01-2019,1.00 PM
819,Kolkata,Fraud,Other,Male,Male,Yes,28-01-2019,2.00 PM
820,Mumbai,Assault,Gun,Female,Male,Yes,28-01-2019,3.00 PM
821,Chennai,Fraud,Gun,Male,Unknown,Yes,28-01-2019,4.00 PM
822,Kolkata,Theft,Knife,Male,Male,No,28-01-2019,5.00 PM
823,Chennai,Murder,Knife,Female,Unknown,No,28-01-2019,6.00 PM
824,Chennai,Theft,None,Female,Female,Yes,28-01-2019,7.00 PM
825,Delhi,Assault,Other,Female,Unknown,Yes,28-01-2019,8.00 PM
826,Kolkata,Fraud,Gun,Male,Female,No,28-01-2019,9.00 PM
827,Mumbai,Fraud,None,Female,Female,No,28-01-2019,10.00 PM
828,Mumbai,Robbery,Other,Female,Male,Yes,28-01-2019,11.00 PM
829,Kolkata,Theft,Gun,Female,Female,Yes,29-01-2019,12.00 AM
830,Delhi,Theft,Other,Male,Male,Yes,29-01-2019,1.00 AM
831,Delhi,Assault,Knife,Female,Unknown,No,29-01-2019,2.00 AM
832,Delhi,Fraud,Gun,Female,Unknown,Yes,29-01-2019,3.00 AM
833,Mumbai,Assault,Gun,Male,Female,No,29-01-2019,4.00 AM
834,Chennai,Assault,None,Female,Unknown,Yes,29-01-2019,5.00 AM
835,Delhi,Fraud,Other,Male,Female,Yes,29-01-2019,6.00 AM
836,Mumbai,Assault,Knife,Female,Unknown,Yes,29-01-2019,7.00 AM
837,Mumbai,Fraud,Knife,Female,Female,No,29-01-2019,8.00 AM
838,Chennai,Assault,Other,Female,Female,No,29-01-2019,9.00 AM
839,Kolkata,Murder,Other,Female,Unknown,Yes,29-01-2019,10.00 AM
840,Kolkata,Assault,Knife,Male,Unknown,Yes,29-01-2019,11.00 AM
841,Delhi,Assault,Other,Male,Unknown,Yes,29-01-2019,12.00 PM
842,Delhi,Murder,None,Male,Unknown,No,29-01-2019,1.00 PM
843,Chennai,Theft,Other,Male,Female,Yes,29-01-2019,2.00 PM
844,Delhi,Fraud,None,Male,Female,Yes,29-01-2019,3.00 PM
845,Chennai,Robbery,None,Male,Unknown,No,29-01-2019,4.00 PM
846,Mumbai,Murder,Other,Female,Unknown,No,29-01-2019,5.00 PM
847,Delhi,Theft,Gun,Female,Male,Yes,29-01-2019,6.00 PM
848,Mumbai,Assault,Gun,Female,Female,No,29-01-2019,7.00 PM
849,Bengaluru,Theft,None,Male,Female,No,29-01-2019,8.00 PM
850,Chennai,Murder,Other,Female,Unknown,No,29-01-2019,9.00 PM
851,Bengaluru,Assault,None,Male,Male,No,29-01-2019,10.00 PM
852,Delhi,Theft,Other,Male,Unknown,No,29-01-2019,11.00 PM
853,Mumbai,Robbery,Other,Female,Female,No,30-01-2019,12.00 AM
854,Delhi,Fraud,Knife,Female,Female,No,30-01-2019,1.00 AM
855,Bengaluru,Fraud,Gun,Male,Male,No,30-01-2019,2.00 AM
856,Delhi,Murder,Gun,Male,Unknown,Yes,30-01-2019,3.00 AM
857,Kolkata,Assault,Knife,Male,Male,Yes,30-01-2019,4.00 AM
858,Bengaluru,Assault,Knife,Female,Unknown,No,30-01-2019,5.00 AM
859,Delhi,Fraud,Knife,Male,Male,No,30-01-2019,6.00 AM
860,Mumbai,Theft,None,Male,Unknown,Yes,30-01-2019,7.00 AM
861,Delhi,Assault,None,Female,Unknown,Yes,30-01-2019,8.00 AM
862,Mumbai,Robbery,None,Male,Unknown,Yes,30-01-2019,9.00 AM
863,Kolkata,Robbery,None,Female,Female,Yes,30-01-2019,10.00 AM
864,Delhi,Assault,None,Male,Unknown,Yes,30-01-2019,11.00 AM
865,Kolkata,Assault,Gun,Female,Female,No,30-01-2019,12.00 PM
866,Bengaluru,Fraud,Gun,Male,Male,No,30-01-2019,1.00 PM
867,Mumbai,Murder,Other,Female,Unknown,Yes,30-01-2019,2.00 PM
868,Bengaluru,Fraud,Gun,Male,Female,No,30-01-2019,3.00 PM
869,Mumbai,Murder,Knife,Male,Male,Yes,30-01-2019,4.00 PM
870,Kolkata,Robbery,Gun,Female,Unknown,Yes,30-01-2019,5.00 PM
871,Chennai,Murder,Knife,Female,Male,No,30-01-2019,6.00 PM
872,Delhi,Fraud,Gun,Male,Female,No,30-01-2019,7.00 PM
873,Kolkata,Assault,None,Male,Female,No,30-01-2019,8.00 PM
874,Mumbai,Murder,Gun,Male,Unknown,No,30-01-2019,9.00 PM
875,Mumbai,Fraud,Other,Male,Female,Yes,30-01-2019,10.00 PM
876,Mumbai,Robbery,None,Male,Female,No,30-01-2019,11.00 PM
877,Mumbai,Murder,None,Male,Male,Yes,31-01-2019,12.00 AM
878,Delhi,Robbery,Other,Male,Unknown,No,31-01-2019,1.00 AM
879,Bengaluru,Robbery,Gun,Female,Unknown,No,31-01-2019,2.00 AM
880,Chennai,Theft,Gun,Male,Unknown,Yes,31-01-2019,3.00 AM
881,Delhi,Murder,Other,Female,Male,Yes,31-01-2019,4.00 AM
882,Mumbai,Fraud,None,Male,Female,Yes,31-01-2019,5.00 AM
883,Delhi,Murder,Other,Male,Unknown,No,31-01-2019,6.00 AM
884,Kolkata,Murder,Knife,Female,Unknown,Yes,31-01-2019,7.00 AM
885,Mumbai,Robbery,Knife,Male,Male,No,31-01-2019,8.00 AM
886,Chennai,Robbery,Gun,Female,Male,Yes,31-01-2019,9.00 AM
887,Mumbai,Robbery,None,Male,Unknown,Yes,31-01-2019,10.00 AM
888,Chennai,Robbery,Knife,Male,Unknown,No,31-01-2019,11.00 AM
889,Chennai,Fraud,Other,Male,Male,No,31-01-2019,12.00 PM
890,Bengaluru,Assault,Gun,Male,Male,Yes,31-01-2019,1.00 PM
891,Bengaluru,Theft,Gun,Female,Male,Yes,31-01-2019,2.00 PM
892,Delhi,Robbery,None,Female,Male,No,31-01-2019,3.00 PM
893,Delhi,Robbery,Knife,Female,Female,No,31-01-2019,4.00 PM
894,Chennai,Theft,Gun,Male,Female,Yes,31-01-2019,5.00 PM
895,Mumbai,Robbery,Other,Female,Unknown,Yes,31-01-2019,6.00 PM
896,Kolkata,Assault,Knife,Male,Female,No,31-01-2019,7.00 PM
897,Kolkata,Murder,Gun,Female,Male,Yes,31-01-2019,8.00 PM
898,Mumbai,Theft,Gun,Male,Unknown,Yes,31-01-2019,9.00 PM
899,Mumbai,Fraud,Knife,Female,Male,No,31-01-2019,10.00 PM
900,Bengaluru,Theft,Knife,Female,Female,Yes,31-01-2019,11.00 PM
901,Kolkata,Assault,None,Female,Male,No,01-02-2019,12.00 AM
902,Chennai,Fraud,Other,Female,Unknown,No,01-02-2019,1.00 AM
903,Delhi,Murder,None,Male,Female,Yes,01-02-2019,2.00 AM
904,Bengaluru,Robbery,None,Female,Unknown,No,01-02-2019,3.00 AM
905,Kolkata,Theft,Other,Female,Female,No,01-02-2019,4.00 AM
906,Mumbai,Fraud,Other,Female,Male,No,01-02-2019,5.00 AM
907,Kolkata,Theft,None,Female,Unknown,Yes,01-02-2019,6.00 AM
908,Chennai,Murder,Knife,Male,Female,Yes,01-02-2019,7.00 AM
909,Bengaluru,Theft,Other,Male,Female,Yes,01-02-2019,8.00 AM
910,Mumbai,Fraud,None,Male,Female,No,01-02-2019,9.00 AM
911,Chennai,Assault,Knife,Female,Female,No,01-02-2019,10.00 AM
912,Delhi,Fraud,Gun,Female,Male,Yes,01-02-2019,11.00 AM
913,Bengaluru,Theft,Knife,Male,Male,Yes,01-02-2019,12.00 PM
914,Chennai,Murder,None,Male,Female,No,01-02-2019,1.00 PM
915,Chennai,Robbery,Other,Male,Male,Yes,01-02-2019,2.00 PM
916,Mumbai,Robbery,Knife,Male,Male,No,01-02-2019,3.00 PM
917,Delhi,Murder,Knife,Male,Female,Yes,01-02-2019,4.00 PM
918,Chennai,Theft,Knife,Female,Male,Yes,01-02-2019,5.00 PM
919,Bengaluru,Murder,Other,Female,Unknown,Yes,01-02-2019,6.00 PM
920,Chennai,Theft,Other,Male,Unknown,Yes,01-02-2019,7.00 PM
921,Kolkata,Fraud,Knife,Female,Male,No,01-02-2019,8.00 PM
922,Bengaluru,Assault,Knife,Female,Female,Yes,01-02-2019,9.00 PM
923,Bengaluru,Theft,None,Male,Unknown,No,01-02-2019,10.00 PM
924,Chennai,Robbery,Other,Male,Male,No,01-02-2019,11.00 PM
925,Mumbai,Robbery,Knife,Male,Male,Yes,02-02-2019,12.00 AM
926,Bengaluru,Assault,Other,Male,Female,No,02-02-2019,1.00 AM
927,Kolkata,Theft,Other,Female,Female,No,02-02-2019,2.00 AM
928,Mumbai,Assault,Other,Female,Male,Yes,02-02-2019,3.00 AM
929,Mumbai,Fraud,None,Female,Female,Yes,02-02-2019,4.00 AM
930,Mumbai,Assault,Gun,Female,Unknown,Yes,02-02-2019,5.00 AM
931,Bengaluru,Fraud,Other,Male,Unknown,Yes,02-02-2019,6.00 AM
932,Mumbai,Robbery,Other,Female,Male,Yes,02-02-2019,7.00 AM
933,Chennai,Fraud,Knife,Male,Male,Yes,02-02-2019,8.00 AM
934,Mumbai,Theft,Other,Female,Female,No,02-02-2019,9.00 AM
935,Kolkata,Theft,Gun,Female,Unknown,No,02-02-2019,10.00 AM
936,Delhi,Theft,Other,Male,Female,Yes,02-02-2019,11.00 AM
937,Kolkata,Theft,None,Male,Male,No,02-02-2019,12.00 PM
938,Bengaluru,Murder,Knife,Male,Male,No,02-02-2019,1.00 PM
939,Mumbai,Fraud,Gun,Female,Male,No,02-02-2019,2.00 PM
940,Mumbai,Theft,None,Male,Male,Yes,02-02-2019,3.00 PM
941,Chennai,Assault,Gun,Female,Male,Yes,02-02-2019,4.00 PM
942,Mumbai,Assault,Knife,Female,Male,Yes,02-02-2019,5.00 PM
943,Kolkata,Murder,Other,Male,Female,Yes,02-02-2019,6.00 PM
944,Bengaluru,Fraud,Knife,Female,Female,No,02-02-2019,7.00 PM
945,Delhi,Fraud,Knife,Male,Female,Yes,02-02-2019,8.00 PM
946,Mumbai,Fraud,Other,Male,Unknown,Yes,02-02-2019,9.00 PM
947,Delhi,Murder,None,Female,Female,Yes,02-02-2019,10.00 PM
948,Mumbai,Fraud,Gun,Female,Male,No,02-02-2019,11.00 PM
949,Bengaluru,Fraud,None,Female,Female,No,03-02-2019,12.00 AM
950,Kolkata,Theft,Other,Male,Female,No,03-02-2019,1.00 AM
951,Bengaluru,Fraud,Gun,Male,Unknown,Yes,03-02-2019,2.00 AM
952,Delhi,Theft,Other,Male,Male,Yes,03-02-2019,3.00 AM
953,Mumbai,Theft,None,Female,Unknown,No,03-02-2019,4.00 AM
954,Delhi,Fraud,Knife,Male,Unknown,No,03-02-2019,5.00 AM
955,Kolkata,Assault,Gun,Female,Unknown,No,03-02-2019,6.00 AM
956,Bengaluru,Robbery,Other,Male,Female,Yes,03-02-2019,7.00 AM
957,Delhi,Assault,Gun,Male,Male,Yes,03-02-2019,8.00 AM
958,Delhi,Fraud,Gun,Female,Male,No,03-02-2019,9.00 AM
959,Kolkata,Fraud,None,Female,Unknown,No,03-02-2019,10.00 AM
960,Mumbai,Assault,Knife,Female,Male,No,03-02-2019,11.00 AM
961,Delhi,Fraud,Gun,Male,Male,Yes,03-02-2019,12.00 PM
962,Kolkata,Theft,None,Female,Unknown,Yes,03-02-2019,1.00 PM
963,Mumbai,Murder,Gun,Female,Female,No,03-02-2019,2.00 PM
964,Mumbai,Fraud,Knife,Female,Unknown,No,03-02-2019,3.00 PM
965,Bengaluru,Fraud,Gun,Female,Unknown,Yes,03-02-2019,4.00 PM
966,Kolkata,Assault,Knife,Male,Female,No,03-02-2019,5.00 PM
967,Mumbai,Theft,None,Male,Female,Yes,03-02-2019,6.00 PM
968,Bengaluru,Assault,None,Female,Female,Yes,03-02-2019,7.00 PM
969,Chennai,Assault,Knife,Female,Female,No,03-02-2019,8.00 PM
970,Kolkata,Fraud,Knife,Male,Unknown,Yes,03-02-2019,9.00 PM
971,Chennai,Theft,None,Female,Female,Yes,03-02-2019,10.00 PM
972,Mumbai,Fraud,Knife,Female,Male,Yes,03-02-2019,11.00 PM
973,Kolkata,Fraud,Knife,Female,Unknown,Yes,04-02-2019,12.00 AM
974,Bengaluru,Fraud,Other,Male,Unknown,Yes,04-02-2019,1.00 AM
975,Mumbai,Fraud,Gun,Male,Female,Yes,04-02-2019,2.00 AM
976,Kolkata,Murder,None,Male,Female,No,04-02-2019,3.00 AM
977,Kolkata,Robbery,None,Female,Male,Yes,04-02-2019,4.00 AM
978,Chennai,Theft,Other,Female,Female,Yes,04-02-2019,5.00 AM
979,Mumbai,Murder,Knife,Female,Unknown,Yes,04-02-2019,6.00 AM
980,Bengaluru,Robbery,Knife,Male,Female,Yes,04-02-2019,7.00 AM
981,Bengaluru,Robbery,Knife,Male,Male,Yes,04-02-2019,8.00 AM
982,Mumbai,Robbery,None,Female,Unknown,No,04-02-2019,9.00 AM
983,Mumbai,Murder,Other,Female,Unknown,Yes,04-02-2019,10.00 AM
984,Delhi,Theft,Gun,Female,Female,Yes,04-02-2019,11.00 AM
985,Chennai,Assault,Other,Female,Male,No,04-02-2019,12.00 PM
986,Mumbai,Robbery,None,Female,Male,Yes,04-02-2019,1.00 PM
987,Mumbai,Assault,Gun,Male,Female,No,04-02-2019,2.00 PM
988,Delhi,Assault,Knife,Male,Unknown,No,04-02-2019,3.00 PM
989,Delhi,Fraud,Other,Male,Unknown,Yes,04-02-2019,4.00 PM
990,Kolkata,Assault,Other,Male,Unknown,No,04-02-2019,5.00 PM
991,Bengaluru,Fraud,None,Female,Female,No,04-02-2019,6.00 PM
992,Chennai,Theft,Other,Male,Unknown,Yes,04-02-2019,7.00 PM
993,Kolkata,Theft,Gun,Male,Unknown,Yes,04-02-2019,8.00 PM
994,Mumbai,Fraud,Other,Female,Female,No,04-02-2019,9.00 PM
995,Kolkata,Murder,Other,Female,Unknown,No,21-02-2019,3.00 AM
996,Chennai,Robbery,None,Female,Unknown,Yes,21-02-2019,4.00 AM
997,Delhi,Murder,Other,Female,Male,Yes,21-02-2019,5.00 AM
998,Bengaluru,Theft,Gun,Female,Male,Yes,21-02-2019,6.00 AM
999,Kolkata,Fraud,Gun,Female,Female,Yes,21-02-2019,7.00 AM
1000,Delhi,Fraud,Gun,Female,Female,Yes,21-02-2019,8.00 AM
1001,Chennai,Fraud,None,Female,Unknown,Yes,21-02-2019,9.00 AM
1002,Bengaluru,Fraud,Knife,Male,Male,No,21-02-2019,10.00 AM
1003,Delhi,Robbery,Knife,Male,Unknown,No,21-02-2019,11.00 AM
1004,Bengaluru,Robbery,Gun,Female,Female,No,21-02-2019,12.00 PM
1005,Delhi,Assault,None,Male,Female,No,21-02-2019,1.00 PM
1006,Chennai,Assault,Gun,Female,Unknown,Yes,21-02-2019,2.00 PM
1007,Bengaluru,Theft,Knife,Male,Male,No,21-02-2019,3.00 PM
1008,Bengaluru,Robbery,Other,Female,Male,No,20-02-2019,4.00 PM
1009,Kolkata,Robbery,None,Female,Male,Yes,20-02-2019,5.00 PM
1010,Kolkata,Theft,Knife,Female,Female,Yes,20-02-2019,6.00 PM
1011,Kolkata,Assault,Gun,Female,Male,Yes,20-02-2019,7.00 PM
1012,Delhi,Robbery,None,Female,Male,Yes,20-02-2019,8.00 PM
1013,Mumbai,Assault,Gun,Male,Unknown,No,20-02-2019,9.00 PM
1014,Mumbai,Assault,Other,Female,Male,No,20-02-2019,10.00 PM
